{"Bleu_1": 0.8064459277074182, "Bleu_2": 0.6530334700722702, "Bleu_3": 0.5105143289180198, "Bleu_4": 0.3920775254593842, "ROUGE_L": 0.5889001187313567, "CIDEr": 1.2894888980512564}