{"Bleu_1": 0.779352490204687, "Bleu_2": 0.6254460544059197, "Bleu_3": 0.488918101005435, "Bleu_4": 0.37993659508369276, "ROUGE_L": 0.5771640445707655, "CIDEr": 1.2000257033982205}